[
  {
    "value": "artificial intelligence",
    "synonyms": [
      "artificial intelligence",
      "AI"
    ]
  },
  {
    "value": "cybersecurity",
    "synonyms": [
      "cybersecurity"
    ]
  },
  {
    "value": "digital science",
    "synonyms": [
      "digital science"
    ]
  },
  {
    "value": "digital agility",
    "synonyms": [
      "digital agility"
    ]
  },
  {
    "value": "digital innovation",
    "synonyms": [
      "digital innovation"
    ]
  },
  {
    "value": "digital products",
    "synonyms": [
      "digital products"
    ]
  },
  {
    "value": "digital strategy",
    "synonyms": [
      "digital strategy"
    ]
  },
  {
    "value": "professional coversion programme",
    "synonyms": [
      "professional coversion programme"
    ]
  },
  {
    "value": "smart health leadership",
    "synonyms": [
      "smart health leadership"
    ]
  },
  {
    "value": "skill future series",
    "synonyms": [
      "skill future series"
    ]
  },
  {
    "value": "software systems",
    "synonyms": [
      "software systems"
    ]
  },
  {
    "value": "stackup-startup",
    "synonyms": [
      "stackup-startup"
    ]
  },
  {
    "value": "contact us",
    "synonyms": [
      "contact us"
    ]
  },
  {
    "value": "director\u0027s ceo welcome",
    "synonyms": [
      "director\u0027s ceo welcome"
    ]
  },
  {
    "value": "getting to nus",
    "synonyms": [
      "getting to nus"
    ]
  },
  {
    "value": "achievements",
    "synonyms": [
      "achievements"
    ]
  },
  {
    "value": "management board",
    "synonyms": [
      "management board"
    ]
  },
  {
    "value": "story",
    "synonyms": [
      "story"
    ]
  },
  {
    "value": "why nus-iss",
    "synonyms": [
      "why nus-iss"
    ]
  },
  {
    "value": "graduate diploma in system analysis",
    "synonyms": [
      "graduate diploma in system analysis"
    ]
  },
  {
    "value": "m.tech in digital leadership",
    "synonyms": [
      "m.tech in digital leadership"
    ]
  },
  {
    "value": "m.tech in enterprise business analytics",
    "synonyms": [
      "m.tech in enterprise business analytics"
    ]
  },
  {
    "value": "m.tech in intelligent systems",
    "synonyms": [
      "m.tech in intelligent systems",
      "intelligent system"
    ]
  },
  {
    "value": "m.tech in software engineering",
    "synonyms": [
      "m.tech in software engineering",
      "software engineering"
    ]
  },
  {
    "value": "business analytics",
    "synonyms": [
      "business analytics"
    ]
  },
  {
    "value": "certificate in digital solution development",
    "synonyms": [
      "certificate in digital solution development"
    ]
  },
  {
    "value": "software engineering",
    "synonyms": [
      "software engineering"
    ]
  }
]