[
  {
    "value": "What",
    "synonyms": [
      "What"
    ]
  },
  {
    "value": "Who",
    "synonyms": [
      "Who"
    ]
  },
  {
    "value": "Where",
    "synonyms": [
      "Where"
    ]
  },
  {
    "value": "When",
    "synonyms": [
      "When"
    ]
  },
  {
    "value": "How",
    "synonyms": [
      "How"
    ]
  },
  {
    "value": "Which",
    "synonyms": [
      "Which"
    ]
  },
  {
    "value": "information",
    "synonyms": [
      "information"
    ]
  },
  {
    "value": "details",
    "synonyms": [
      "details"
    ]
  }
]