[
  {
    "value": "entrance exam",
    "synonyms": [
      "entrance exam"
    ]
  },
  {
    "value": "admission criteria",
    "synonyms": [
      "admission criteria"
    ]
  },
  {
    "value": "fees",
    "synonyms": [
      "fees"
    ]
  },
  {
    "value": "fee structure",
    "synonyms": [
      "fee structure"
    ]
  },
  {
    "value": "starting date",
    "synonyms": [
      "starting date"
    ]
  },
  {
    "value": "lecturers",
    "synonyms": [
      "lecturers",
      "teachers",
      "faculty"
    ]
  }
]