[
  {
    "id": "1667adb3-23ab-46c8-87eb-ea6ba9f9ee89",
    "data": [
      {
        "text": "Please provide ",
        "userDefined": false
      },
      {
        "text": "details",
        "alias": "QnWord",
        "meta": "@QnWord",
        "userDefined": false
      },
      {
        "text": " of ",
        "userDefined": false
      },
      {
        "text": "Intelligent Systems",
        "alias": "DomainList",
        "meta": "@DomainList",
        "userDefined": false
      },
      {
        "text": " Program",
        "userDefined": false
      }
    ],
    "isTemplate": false,
    "count": 0
  },
  {
    "id": "2f805c52-5769-41d0-82b1-4830338f65ba",
    "data": [
      {
        "text": "Who",
        "alias": "QnWord",
        "meta": "@QnWord",
        "userDefined": true
      },
      {
        "text": " are the ",
        "userDefined": false
      },
      {
        "text": "lecturers",
        "alias": "specificquery",
        "meta": "@specificquery",
        "userDefined": false
      },
      {
        "text": " for ",
        "userDefined": false
      },
      {
        "text": "AI",
        "alias": "DomainList",
        "meta": "@DomainList",
        "userDefined": false
      },
      {
        "text": " program?",
        "userDefined": false
      }
    ],
    "isTemplate": false,
    "count": 0
  },
  {
    "id": "4de95889-bc30-4bab-9aa6-ac7ff5ce300b",
    "data": [
      {
        "text": "Where",
        "alias": "QnWord",
        "meta": "@QnWord",
        "userDefined": true
      },
      {
        "text": " is the class of ",
        "userDefined": false
      },
      {
        "text": "data analytics",
        "alias": "DomainList",
        "meta": "@DomainList",
        "userDefined": true
      },
      {
        "text": " conducted?",
        "userDefined": false
      }
    ],
    "isTemplate": false,
    "count": 0
  },
  {
    "id": "369fa920-4197-44c4-9b86-ef0183b271d9",
    "data": [
      {
        "text": "Who",
        "alias": "QnWord",
        "meta": "@QnWord",
        "userDefined": true
      },
      {
        "text": " is the ",
        "userDefined": false
      },
      {
        "text": "lecturer",
        "alias": "specificquery",
        "meta": "@specificquery",
        "userDefined": false
      },
      {
        "text": " for ",
        "userDefined": false
      },
      {
        "text": "intelligent systems",
        "alias": "DomainList",
        "meta": "@DomainList",
        "userDefined": true
      }
    ],
    "isTemplate": false,
    "count": 0
  },
  {
    "id": "32f9abb1-c354-424f-a6cf-e349ab54b14b",
    "data": [
      {
        "text": "Who is the ",
        "userDefined": false
      },
      {
        "text": "lecturer",
        "alias": "specificquery",
        "meta": "@specificquery",
        "userDefined": false
      },
      {
        "text": " for intelligent system",
        "userDefined": false
      }
    ],
    "isTemplate": false,
    "count": 1
  },
  {
    "id": "43d8c1c7-9036-4b66-b344-dae72b6d9268",
    "data": [
      {
        "text": "What",
        "alias": "QnWord",
        "meta": "@QnWord",
        "userDefined": true
      },
      {
        "text": " is the ",
        "userDefined": false
      },
      {
        "text": "fees",
        "alias": "specificquery",
        "meta": "@specificquery",
        "userDefined": false
      },
      {
        "text": " for ",
        "userDefined": false
      },
      {
        "text": "AI",
        "alias": "DomainList",
        "meta": "@DomainList",
        "userDefined": false
      },
      {
        "text": " course?",
        "userDefined": false
      }
    ],
    "isTemplate": false,
    "count": 0
  },
  {
    "id": "c1c208d1-a9fe-41d7-92ed-c67b1574de19",
    "data": [
      {
        "text": "What",
        "alias": "QnWord",
        "meta": "@QnWord",
        "userDefined": true
      },
      {
        "text": " is the ",
        "userDefined": false
      },
      {
        "text": "fees",
        "alias": "specificquery",
        "meta": "@specificquery",
        "userDefined": false
      },
      {
        "text": " of ",
        "userDefined": false
      },
      {
        "text": "intelligent systems",
        "alias": "DomainList",
        "meta": "@DomainList",
        "userDefined": false
      },
      {
        "text": " programme",
        "userDefined": false
      }
    ],
    "isTemplate": false,
    "count": 1
  },
  {
    "id": "30de44dd-71ef-4b01-8ef0-767fde246d99",
    "data": [
      {
        "text": "When is the ",
        "userDefined": false
      },
      {
        "text": "entrance exam",
        "alias": "specificquery",
        "meta": "@specificquery",
        "userDefined": false
      },
      {
        "text": " for ",
        "userDefined": false
      },
      {
        "text": "intelligent system",
        "alias": "DomainList",
        "meta": "@DomainList",
        "userDefined": false
      }
    ],
    "isTemplate": false,
    "count": 1
  },
  {
    "id": "deae0fee-6cc2-45c5-b0e9-1c6024811428",
    "data": [
      {
        "text": "What",
        "alias": "QnWord",
        "meta": "@QnWord",
        "userDefined": true
      },
      {
        "text": " is the ",
        "userDefined": false
      },
      {
        "text": "fees",
        "alias": "specificquery",
        "meta": "@specificquery",
        "userDefined": false
      },
      {
        "text": " for ",
        "userDefined": false
      },
      {
        "text": "M.Tech",
        "alias": "DomainList",
        "meta": "@DomainList",
        "userDefined": true
      },
      {
        "text": " Program?",
        "userDefined": false
      }
    ],
    "isTemplate": false,
    "count": 0
  },
  {
    "id": "0b042b0b-b78e-4a25-a533-32011da1af29",
    "data": [
      {
        "text": "How",
        "alias": "QnWord",
        "meta": "@QnWord",
        "userDefined": false
      },
      {
        "text": " much is the ",
        "userDefined": false
      },
      {
        "text": "fees",
        "alias": "specificquery",
        "meta": "@specificquery",
        "userDefined": false
      },
      {
        "text": " for ",
        "userDefined": false
      },
      {
        "text": "Graduate",
        "alias": "ProgrammesList",
        "meta": "@ProgrammesList",
        "userDefined": false
      },
      {
        "text": " Programmes?",
        "userDefined": false
      }
    ],
    "isTemplate": false,
    "count": 1
  },
  {
    "id": "5b29331a-e8c6-4f66-8e8d-68754b4f86bd",
    "data": [
      {
        "text": "When",
        "alias": "QnWord",
        "meta": "@QnWord",
        "userDefined": true
      },
      {
        "text": " is the ",
        "userDefined": false
      },
      {
        "text": "entrance exam",
        "alias": "specificquery",
        "meta": "@specificquery",
        "userDefined": false
      },
      {
        "text": " for ",
        "userDefined": false
      },
      {
        "text": "graduate",
        "alias": "ProgrammesList",
        "meta": "@ProgrammesList",
        "userDefined": false
      },
      {
        "text": " courses?",
        "userDefined": false
      }
    ],
    "isTemplate": false,
    "count": 0
  },
  {
    "id": "c543bcc7-1978-4fe3-9407-57a4000c51c4",
    "data": [
      {
        "text": "What",
        "alias": "QnWord",
        "meta": "@QnWord",
        "userDefined": true
      },
      {
        "text": " is the ",
        "userDefined": false
      },
      {
        "text": "fees",
        "alias": "specificquery",
        "meta": "@specificquery",
        "userDefined": false
      },
      {
        "text": " for ",
        "userDefined": false
      },
      {
        "text": "graduate",
        "alias": "ProgrammesList",
        "meta": "@ProgrammesList",
        "userDefined": false
      },
      {
        "text": " diploma Program?",
        "userDefined": false
      }
    ],
    "isTemplate": false,
    "count": 1
  },
  {
    "id": "336e2df0-8c8a-4248-8ef6-82800fc0770e",
    "data": [
      {
        "text": "What",
        "alias": "QnWord",
        "meta": "@QnWord",
        "userDefined": true
      },
      {
        "text": " is the ",
        "userDefined": false
      },
      {
        "text": "Digital Leadership",
        "alias": "DomainList",
        "meta": "@DomainList",
        "userDefined": false
      },
      {
        "text": " program?",
        "userDefined": false
      }
    ],
    "isTemplate": false,
    "count": 0
  },
  {
    "id": "ca453ed4-47c1-403e-8ed0-170f60acccab",
    "data": [
      {
        "text": "What",
        "alias": "QnWord",
        "meta": "@QnWord",
        "userDefined": true
      },
      {
        "text": " is the ",
        "userDefined": false
      },
      {
        "text": "AI",
        "alias": "DomainList",
        "meta": "@DomainList",
        "userDefined": false
      },
      {
        "text": " program about?",
        "userDefined": false
      }
    ],
    "isTemplate": false,
    "count": 0
  },
  {
    "id": "b3d60f93-7b5b-4b27-91e3-fc82276db1c6",
    "data": [
      {
        "text": "What",
        "alias": "QnWord",
        "meta": "@QnWord",
        "userDefined": true
      },
      {
        "text": " are ",
        "userDefined": false
      },
      {
        "text": "executive",
        "alias": "ProgrammesList",
        "meta": "@ProgrammesList",
        "userDefined": false
      },
      {
        "text": " programmes?",
        "userDefined": false
      }
    ],
    "isTemplate": false,
    "count": 0
  },
  {
    "id": "783b70bd-de78-498c-bb21-8c173b435216",
    "data": [
      {
        "text": "How",
        "alias": "QnWord",
        "meta": "@QnWord",
        "userDefined": false
      },
      {
        "text": " ",
        "userDefined": false
      },
      {
        "text": "can",
        "meta": "@sys.ignore",
        "userDefined": false
      },
      {
        "text": " I get more ",
        "userDefined": false
      },
      {
        "text": "details",
        "alias": "QnWord",
        "meta": "@QnWord",
        "userDefined": false
      },
      {
        "text": " of ",
        "userDefined": false
      },
      {
        "text": "Intelligent Systems",
        "alias": "DomainList",
        "meta": "@DomainList",
        "userDefined": false
      },
      {
        "text": " programme",
        "userDefined": false
      }
    ],
    "isTemplate": false,
    "count": 0
  },
  {
    "id": "0b1d5f47-7a66-4c25-9ba7-99c35f15778d",
    "data": [
      {
        "text": "Can you provide ",
        "userDefined": false
      },
      {
        "text": "details",
        "alias": "QnWord",
        "meta": "@QnWord",
        "userDefined": false
      },
      {
        "text": " of ",
        "userDefined": false
      },
      {
        "text": "graduate diploma",
        "alias": "DomainList",
        "meta": "@DomainList",
        "userDefined": true
      },
      {
        "text": " programme",
        "userDefined": false
      }
    ],
    "isTemplate": false,
    "count": 0
  },
  {
    "id": "210af228-bb7c-4561-9513-b5da84d5a233",
    "data": [
      {
        "text": "Can you provide ",
        "userDefined": false
      },
      {
        "text": "details",
        "alias": "QnWord",
        "meta": "@QnWord",
        "userDefined": false
      },
      {
        "text": " of ",
        "userDefined": false
      },
      {
        "text": "AI",
        "alias": "DomainList",
        "meta": "@DomainList",
        "userDefined": false
      },
      {
        "text": " programme",
        "userDefined": false
      }
    ],
    "isTemplate": false,
    "count": 0
  },
  {
    "id": "d60fe16c-567f-4f71-a20f-62282b148b53",
    "data": [
      {
        "text": "When",
        "alias": "QnWord",
        "meta": "@QnWord",
        "userDefined": true
      },
      {
        "text": " is the entrance exam for ",
        "userDefined": false
      },
      {
        "text": "AI",
        "alias": "DomainList",
        "meta": "@DomainList",
        "userDefined": false
      },
      {
        "text": " course?",
        "userDefined": false
      }
    ],
    "isTemplate": false,
    "count": 0
  },
  {
    "id": "2e2375fb-356c-481e-8a6d-6d09a8f52d8d",
    "data": [
      {
        "text": "Artificial Intelligence",
        "alias": "DomainList",
        "meta": "@DomainList",
        "userDefined": false
      }
    ],
    "isTemplate": false,
    "count": 0
  },
  {
    "id": "8fb58caa-d031-4241-904e-89cb00450d0e",
    "data": [
      {
        "text": "How",
        "alias": "Definition",
        "meta": "@Definition",
        "userDefined": true
      },
      {
        "text": " about ",
        "userDefined": false
      },
      {
        "text": "Graduate Diploma in System Analysis",
        "alias": "DomainList",
        "meta": "@DomainList",
        "userDefined": false
      },
      {
        "text": " course?",
        "userDefined": false
      }
    ],
    "isTemplate": false,
    "count": 0
  },
  {
    "id": "a1ee3b93-0251-44f2-990e-e445c692e601",
    "data": [
      {
        "text": "Please provide ",
        "userDefined": false
      },
      {
        "text": "details",
        "alias": "QnWord",
        "meta": "@QnWord",
        "userDefined": false
      },
      {
        "text": " of ",
        "userDefined": false
      },
      {
        "text": "Software Engineering",
        "alias": "DomainList",
        "meta": "@DomainList",
        "userDefined": false
      },
      {
        "text": " Program",
        "userDefined": false
      }
    ],
    "isTemplate": false,
    "count": 0
  },
  {
    "id": "cc2a410a-a3d4-4a6b-953a-478cc3f9c1fe",
    "data": [
      {
        "text": "Where is ",
        "userDefined": false
      },
      {
        "text": "intelligent systems",
        "alias": "DomainList",
        "meta": "@DomainList",
        "userDefined": false
      },
      {
        "text": " class conducted?",
        "userDefined": false
      }
    ],
    "isTemplate": false,
    "count": 0
  },
  {
    "id": "6fb981d9-2ab3-42ce-a1ae-43e462576651",
    "data": [
      {
        "text": "details",
        "alias": "QnWord",
        "meta": "@QnWord",
        "userDefined": false
      },
      {
        "text": " on ",
        "userDefined": false
      },
      {
        "text": "intelligent systems",
        "alias": "DomainList",
        "meta": "@DomainList",
        "userDefined": false
      }
    ],
    "isTemplate": false,
    "count": 0
  }
]